run,after_nr_steps,remaining_food
1,100,54
1,200,19
1,300,3
1,318,0
2,100,43
2,200,5
2,214,0
3,100,51
3,200,25
3,300,11
3,368,0
4,100,67
4,200,37
4,300,20
4,372,0
5,100,42
5,200,15
5,266,0
6,100,41
6,200,4
6,214,0
7,100,66
7,200,39
7,300,24
7,400,12
7,447,0
8,100,55
8,200,22
8,300,4
8,311,0
9,100,56
9,200,11
9,266,0
10,100,66
10,200,31
10,297,0
11,100,53
11,200,1
11,206,0
12,100,46
12,200,8
12,240,0
13,100,69
13,200,33
13,300,25
13,400,12
13,460,0
14,100,56
14,200,24
14,300,8
14,332,0
15,100,2
15,101,0
16,100,26
16,200,7
16,229,0
17,100,44
17,200,24
17,300,8
17,333,0
18,100,66
18,200,24
18,300,24
18,400,21
18,500,10
18,600,10
18,700,9
18,800,2
18,811,0
19,100,42
19,200,14
19,252,0
20,100,69
20,200,49
20,300,29
20,400,17
20,487,0
21,100,45
21,200,12
21,284,0
22,100,52
22,200,6
22,255,0
23,100,44
23,200,8
23,230,0
24,100,47
24,200,15
24,300,1
24,304,0
25,100,25
25,200,14
25,281,0
26,100,47
26,200,8
26,250,0
27,100,62
27,200,28
27,300,14
27,400,1
27,428,0
28,100,22
28,178,0
29,100,37
29,200,13
29,268,0
30,100,26
30,200,1
30,210,0
31,100,39
31,200,7
31,266,0
32,100,31
32,200,12
32,245,0
33,100,25
33,200,1
33,207,0
34,100,46
34,200,4
34,214,0
35,100,18
35,198,0
36,100,51
36,200,19
36,300,4
36,322,0
37,100,56
37,200,25
37,300,10
37,359,0
38,100,47
38,200,19
38,300,11
38,366,0
39,100,24
39,200,3
39,210,0
40,100,47
40,200,15
40,252,0
41,100,24
41,200,17
41,300,7
41,331,0
42,100,39
42,200,17
42,300,5
42,345,0
43,100,31
43,200,9
43,231,0
44,100,38
44,200,4
44,227,0
45,100,49
45,200,0
45,200,0
46,100,45
46,200,15
46,300,4
46,327,0
47,100,61
47,200,6
47,218,0
48,100,31
48,200,23
48,299,0
49,100,43
49,200,30
49,300,3
49,318,0
50,100,59
50,200,29
50,300,18
50,400,3
50,410,0
51,100,46
51,200,23
51,272,0
52,100,57
52,200,27
52,300,8
52,329,0
53,100,29
53,200,4
53,215,0
54,100,57
54,200,24
54,277,0
55,100,40
55,200,22
55,300,3
55,307,0
56,100,60
56,200,6
56,236,0
57,100,31
57,200,3
57,203,0
58,100,31
58,200,2
58,210,0
59,100,23
59,176,0
60,100,61
60,200,30
60,300,21
60,400,7
60,425,0
61,100,49
61,200,21
61,300,1
61,306,0
62,100,40
62,200,5
62,216,0
63,100,41
63,200,16
63,274,0
64,100,34
64,200,6
64,223,0
65,100,32
65,200,18
65,290,0
66,100,47
66,200,17
66,300,1
66,307,0
67,100,41
67,200,13
67,232,0
68,100,58
68,200,29
68,300,10
68,342,0
69,100,25
69,200,8
69,244,0
70,100,31
70,200,5
70,220,0
71,100,38
71,200,15
71,272,0
72,100,34
72,177,0
73,100,41
73,187,0
74,100,69
74,200,39
74,300,20
74,394,0
75,100,49
75,200,20
75,280,0
76,100,38
76,200,4
76,207,0
77,100,22
77,184,0
78,100,55
78,200,20
78,282,0
79,100,36
79,200,22
79,300,6
79,335,0
80,100,53
80,200,25
80,300,1
80,302,0
81,100,35
81,199,0
82,100,31
82,200,3
82,208,0
83,100,27
83,196,0
84,100,51
84,200,20
84,300,2
84,311,0
85,100,43
85,172,0
86,100,30
86,192,0
87,100,23
87,200,16
87,244,0
88,100,56
88,200,22
88,300,6
88,330,0
89,100,62
89,200,28
89,300,5
89,328,0
90,100,38
90,200,14
90,240,0
91,100,70
91,200,29
91,300,10
91,382,0
92,100,25
92,200,2
92,201,0
93,100,34
93,200,13
93,288,0
94,100,45
94,200,21
94,300,7
94,339,0
95,100,36
95,200,14
95,235,0
96,100,64
96,200,32
96,300,11
96,345,0
97,100,72
97,200,40
97,300,21
97,389,0
98,100,45
98,200,0
98,200,0
99,100,42
99,200,23
99,300,10
99,348,0
100,100,50
100,200,18
100,271,0
101,100,25
101,200,12
101,255,0
102,100,36
102,200,22
102,300,0
102,300,0
103,100,44
103,200,6
103,291,0
104,100,33
104,200,13
104,273,0
105,100,26
105,142,0
106,100,57
106,200,30
106,300,11
106,359,0
107,100,38
107,197,0
108,100,47
108,200,25
108,300,9
108,350,0
109,100,52
109,200,19
109,300,2
109,308,0
110,100,38
110,200,6
110,240,0
111,100,42
111,200,18
111,266,0
112,100,52
112,200,21
112,270,0
113,100,30
113,200,13
113,248,0
114,100,49
114,200,16
114,279,0
115,100,50
115,181,0
116,100,29
116,157,0
117,100,57
117,200,11
117,219,0
118,100,71
118,200,24
118,300,9
118,356,0
119,100,54
119,200,14
119,250,0
120,100,24
120,138,0
121,100,25
121,150,0
122,100,53
122,200,16
122,300,3
122,323,0
123,100,32
123,200,4
123,225,0
124,100,59
124,200,23
124,300,4
124,306,0
125,100,44
125,200,23
125,300,1
125,301,0
126,100,42
126,200,24
126,300,16
126,394,0
127,100,53
127,200,12
127,224,0
128,100,52
128,200,21
128,300,10
128,326,0
129,100,38
129,200,22
129,300,7
129,338,0
130,100,29
130,200,16
130,247,0
131,100,46
131,172,0
132,100,71
132,200,32
132,300,4
132,316,0
133,100,41
133,200,12
133,300,2
133,324,0
134,100,32
134,200,15
134,254,0
135,100,35
135,200,3
135,217,0
136,100,37
136,200,20
136,270,0
137,100,49
137,200,22
137,300,6
137,334,0
138,100,55
138,200,3
138,212,0
139,100,51
139,200,34
139,300,15
139,358,0
140,100,42
140,200,8
140,275,0
141,100,24
141,200,16
141,300,1
141,308,0
142,100,41
142,200,13
142,228,0
143,100,48
143,200,10
143,283,0
144,100,37
144,193,0
145,100,44
145,200,23
145,300,1
145,309,0
146,100,46
146,200,25
146,300,10
146,358,0
147,100,66
147,200,37
147,281,0
148,100,23
148,191,0
149,100,34
149,200,25
149,300,15
149,393,0
150,100,47
150,200,12
150,267,0
151,100,32
151,166,0
152,100,61
152,200,25
152,260,0
153,100,45
153,200,10
153,245,0
154,100,54
154,200,17
154,299,0
155,100,43
155,193,0
156,100,31
156,200,22
156,300,3
156,307,0
157,100,42
157,200,24
157,300,6
157,328,0
158,100,36
158,200,15
158,266,0
159,100,35
159,200,5
159,222,0
160,100,56
160,200,18
160,282,0
161,100,51
161,200,35
161,300,5
161,326,0
162,100,46
162,179,0
163,100,22
163,200,3
163,204,0
164,100,35
164,200,9
164,245,0
165,100,25
165,200,12
165,283,0
166,100,37
166,200,20
166,300,3
166,315,0
167,100,23
167,183,0
168,100,32
168,200,8
168,232,0
169,100,35
169,168,0
170,100,48
170,200,34
170,300,10
170,387,0
171,100,55
171,200,31
171,300,23
171,400,6
171,424,0
172,100,43
172,200,20
172,300,1
172,308,0
173,100,42
173,200,7
173,234,0
174,100,21
174,183,0
175,100,39
175,200,25
175,300,10
175,356,0
176,100,44
176,200,0
176,200,0
177,100,52
177,200,18
177,286,0
178,100,52
178,200,26
178,286,0
179,100,23
179,200,7
179,217,0
180,100,45
180,200,23
180,300,8
180,325,0
181,100,37
181,200,21
181,300,1
181,306,0
182,100,25
182,163,0
183,100,28
183,171,0
184,100,34
184,200,7
184,242,0
185,100,66
185,200,33
185,300,4
185,316,0
186,100,64
186,200,29
186,283,0
187,100,45
187,200,6
187,230,0
188,100,60
188,200,20
188,300,7
188,359,0
189,100,64
189,200,29
189,300,14
189,400,2
189,410,0
190,100,15
190,120,0
191,100,48
191,200,25
191,300,19
191,400,1
191,402,0
192,100,41
192,200,22
192,300,5
192,309,0
193,100,69
193,200,30
193,300,17
193,400,1
193,402,0
194,100,48
194,200,14
194,262,0
195,100,33
195,200,6
195,225,0
196,100,65
196,200,21
196,300,13
196,379,0
197,100,31
197,170,0
198,100,67
198,200,30
198,300,19
198,361,0
199,100,32
199,188,0
200,100,36
200,200,5
200,234,0
201,100,49
201,200,17
201,233,0
202,100,37
202,200,25
202,300,3
202,327,0
203,100,45
203,200,20
203,300,7
203,315,0
204,100,47
204,200,21
204,300,3
204,313,0
205,100,65
205,200,27
205,300,21
205,400,9
205,473,0
206,67,0
207,100,54
207,200,35
207,300,18
207,397,0
208,100,41
208,200,26
208,300,7
208,328,0
209,100,40
209,200,26
209,300,9
209,342,0
210,100,23
210,200,4
210,211,0
211,100,66
211,200,42
211,300,14
211,342,0
212,100,42
212,200,5
212,227,0
213,100,34
213,200,11
213,241,0
214,100,41
214,200,11
214,266,0
215,100,35
215,192,0
216,100,50
216,200,18
216,272,0
217,100,40
217,200,25
217,300,12
217,369,0
218,100,31
218,170,0
219,100,54
219,200,12
219,265,0
220,100,33
220,200,2
220,209,0
221,100,22
221,182,0
222,100,43
222,200,22
222,280,0
223,100,25
223,200,3
223,211,0
224,100,47
224,200,16
224,246,0
225,100,43
225,200,4
225,210,0
226,100,70
226,200,30
226,300,23
226,400,9
226,456,0
227,100,39
227,200,22
227,300,9
227,342,0
228,100,38
228,200,4
228,212,0
229,100,30
229,200,12
229,281,0
230,100,44
230,200,18
230,300,1
230,307,0
231,100,25
231,200,6
231,227,0
232,100,36
232,200,10
232,228,0
233,100,43
233,200,15
233,272,0
234,100,63
234,200,31
234,295,0
235,100,11
235,180,0
236,100,43
236,200,11
236,243,0
237,100,63
237,200,25
237,292,0
238,100,63
238,200,38
238,300,3
238,305,0
239,100,56
239,200,20
239,262,0
240,100,30
240,179,0
241,100,47
241,200,9
241,231,0
242,100,68
242,200,22
242,281,0
243,100,50
243,200,32
243,300,5
243,353,0
244,100,27
244,200,25
244,300,12
244,365,0
245,100,19
245,200,2
245,222,0
246,100,42
246,200,21
246,300,1
246,301,0
247,100,25
247,200,13
247,255,0
248,100,50
248,200,24
248,300,7
248,320,0
249,100,58
249,200,16
249,243,0
250,100,47
250,200,18
250,266,0
251,100,63
251,200,20
251,267,0
252,100,55
252,200,22
252,300,16
252,384,0
253,100,50
253,200,9
253,225,0
254,100,64
254,200,14
254,270,0
255,100,42
255,200,2
255,214,0
256,100,45
256,200,25
256,300,6
256,322,0
257,100,30
257,200,5
257,220,0
258,100,8
258,127,0
259,100,42
259,200,19
259,300,1
259,305,0
260,100,37
260,200,12
260,284,0
261,100,25
261,200,3
261,210,0
262,100,47
262,200,9
262,240,0
263,100,49
263,200,33
263,300,17
263,400,5
263,431,0
264,100,42
264,200,10
264,227,0
265,100,41
265,200,15
265,256,0
266,100,55
266,200,25
266,300,18
266,400,1
266,403,0
267,100,39
267,200,5
267,229,0
268,100,49
268,200,30
268,300,11
268,376,0
269,100,46
269,200,13
269,250,0
270,100,39
270,200,1
270,201,0
271,100,38
271,200,10
271,264,0
272,100,74
272,200,37
272,300,14
272,373,0
273,100,48
273,200,15
273,236,0
274,100,35
274,200,1
274,205,0
275,100,44
275,200,23
275,281,0
276,100,25
276,200,9
276,240,0
277,100,48
277,200,32
277,300,23
277,400,8
277,427,0
278,100,56
278,200,21
278,298,0
279,100,61
279,200,22
279,300,2
279,302,0
280,100,25
280,200,12
280,256,0
281,100,46
281,200,24
281,300,14
281,400,1
281,402,0
282,100,53
282,200,16
282,263,0
283,100,49
283,200,3
283,209,0
284,100,57
284,200,15
284,265,0
285,100,65
285,200,37
285,300,22
285,354,0
286,100,67
286,200,39
286,300,11
286,379,0
287,100,25
287,200,21
287,300,4
287,327,0
288,100,44
288,200,10
288,270,0
289,100,44
289,200,15
289,298,0
290,100,52
290,200,10
290,232,0
291,100,25
291,200,17
291,288,0
292,100,5
292,110,0
293,100,39
293,200,25
293,300,12
293,382,0
294,100,67
294,200,40
294,300,22
294,400,1
294,412,0
295,100,63
295,200,27
295,300,13
295,364,0
296,100,44
296,200,5
296,219,0
297,100,34
297,200,21
297,300,19
297,400,9
297,479,0
298,100,30
298,200,12
298,246,0
299,100,39
299,200,4
299,218,0
300,100,28
300,195,0
301,100,56
301,200,29
301,300,6
301,319,0
302,100,21
302,168,0
303,100,65
303,200,35
303,292,0
304,100,31
304,171,0
305,100,46
305,200,12
305,242,0
306,100,25
306,200,10
306,215,0
307,100,50
307,200,20
307,300,3
307,309,0
308,100,21
308,153,0
309,100,45
309,200,2
309,209,0
310,100,24
310,200,20
310,295,0
311,100,64
311,200,28
311,300,15
311,369,0
312,100,41
312,200,14
312,273,0
313,100,25
313,200,1
313,202,0
314,100,52
314,200,15
314,246,0
315,100,57
315,200,21
315,297,0
316,100,50
316,200,30
316,300,16
316,386,0
317,100,42
317,200,23
317,300,6
317,332,0
318,100,36
318,192,0
319,100,35
319,200,20
319,257,0
320,100,27
320,159,0
321,100,40
321,200,25
321,300,10
321,355,0
322,100,49
322,200,8
322,232,0
323,100,40
323,197,0
324,100,24
324,152,0
325,100,22
325,159,0
326,100,37
326,200,23
326,300,8
326,322,0
327,100,36
327,200,20
327,280,0
328,100,51
328,200,32
328,300,8
328,326,0
329,100,59
329,200,25
329,300,16
329,384,0
330,100,25
330,200,6
330,236,0
331,100,48
331,200,3
331,219,0
332,100,46
332,200,28
332,300,8
332,334,0
333,100,44
333,178,0
334,100,59
334,200,20
334,300,11
334,348,0
335,100,64
335,200,31
335,300,12
335,391,0
336,100,59
336,200,9
336,231,0
337,100,61
337,200,12
337,277,0
338,100,38
338,200,1
338,201,0
339,100,25
339,200,20
339,300,2
339,306,0
340,100,47
340,174,0
341,100,24
341,200,0
341,200,0
342,100,19
342,141,0
343,100,13
343,131,0
344,100,38
344,170,0
345,100,75
345,200,37
345,300,24
345,400,5
345,425,0
346,100,47
346,200,10
346,270,0
347,100,32
347,187,0
348,100,75
348,200,40
348,300,10
348,367,0
349,100,25
349,190,0
350,100,52
350,200,25
350,300,4
350,315,0
351,100,35
351,183,0
352,100,60
352,200,22
352,300,6
352,323,0
353,100,56
353,200,36
353,300,11
353,347,0
354,100,26
354,200,13
354,270,0
355,100,53
355,200,21
355,300,6
355,357,0
356,100,33
356,200,5
356,240,0
357,100,43
357,200,9
357,237,0
358,100,51
358,200,15
358,257,0
359,100,40
359,200,9
359,246,0
360,100,42
360,200,3
360,225,0
361,100,13
361,125,0
362,100,41
362,200,23
362,300,7
362,322,0
363,100,35
363,200,18
363,278,0
364,100,44
364,200,17
364,300,11
364,351,0
365,100,39
365,200,22
365,287,0
366,100,20
366,193,0
367,100,23
367,200,11
367,262,0
368,100,50
368,200,23
368,300,12
368,374,0
369,100,47
369,200,25
369,300,3
369,318,0
370,100,58
370,200,30
370,300,11
370,339,0
371,100,43
371,200,2
371,218,0
372,100,25
372,200,14
372,300,1
372,306,0
373,100,40
373,193,0
374,100,59
374,200,21
374,300,6
374,343,0
375,100,41
375,200,17
375,300,2
375,310,0
376,100,38
376,200,8
376,232,0
377,100,59
377,200,41
377,300,13
377,343,0
378,100,47
378,200,25
378,300,11
378,365,0
379,100,43
379,200,11
379,281,0
380,100,37
380,200,18
380,287,0
381,100,25
381,200,22
381,300,4
381,341,0
382,100,7
382,143,0
383,100,55
383,200,18
383,270,0
384,100,19
384,136,0
385,100,45
385,200,9
385,239,0
386,100,39
386,200,9
386,237,0
387,100,48
387,200,6
387,222,0
388,100,22
388,136,0
389,100,56
389,200,15
389,300,11
389,358,0
390,100,40
390,200,15
390,290,0
391,100,39
391,200,23
391,276,0
392,100,21
392,162,0
393,100,53
393,200,19
393,300,1
393,304,0
394,100,23
394,200,6
394,231,0
395,100,78
395,200,47
395,300,17
395,400,2
395,401,0
396,100,35
396,200,8
396,236,0
397,100,54
397,200,26
397,300,7
397,313,0
398,100,51
398,200,21
398,300,3
398,309,0
399,100,48
399,200,3
399,214,0
400,100,67
400,200,25
400,300,7
400,331,0
401,100,30
401,163,0
402,100,45
402,200,25
402,291,0
403,100,29
403,160,0
404,100,45
404,200,15
404,300,2
404,305,0
405,100,52
405,200,15
405,295,0
406,100,59
406,200,28
406,300,7
406,352,0
407,100,42
407,200,6
407,221,0
408,100,39
408,200,9
408,222,0
409,100,50
409,200,28
409,300,8
409,348,0
410,100,57
410,200,22
410,263,0
411,100,16
411,136,0
412,100,28
412,173,0
413,100,38
413,200,24
413,300,7
413,335,0
414,100,36
414,200,5
414,208,0
415,100,28
415,172,0
416,100,56
416,200,17
416,277,0
417,100,49
417,200,21
417,288,0
418,93,0
419,100,36
419,200,16
419,297,0
420,100,40
420,198,0
421,100,49
421,200,12
421,250,0
422,100,33
422,174,0
423,100,53
423,200,25
423,300,13
423,359,0
424,100,8
424,124,0
425,100,56
425,200,22
425,300,3
425,307,0
426,100,35
426,185,0
427,100,64
427,200,23
427,300,0
427,300,0
428,100,58
428,200,23
428,300,3
428,315,0
429,100,52
429,200,31
429,297,0
430,100,50
430,200,12
430,259,0
431,100,41
431,200,18
431,300,2
431,305,0
432,100,40
432,200,17
432,280,0
433,100,47
433,200,8
433,250,0
434,100,25
434,200,10
434,237,0
435,100,53
435,200,12
435,264,0
436,100,40
436,200,2
436,215,0
437,100,65
437,200,20
437,264,0
438,100,49
438,200,12
438,251,0
439,100,52
439,200,17
439,269,0
440,100,41
440,200,9
440,242,0
441,100,37
441,200,18
441,300,2
441,306,0
442,100,62
442,200,13
442,234,0
443,100,37
443,200,15
443,236,0
444,100,46
444,200,25
444,300,13
444,355,0
445,100,12
445,123,0
446,100,35
446,200,24
446,300,18
446,400,0
446,400,0
447,100,22
447,200,4
447,222,0
448,100,70
448,200,36
448,300,7
448,330,0
449,100,16
449,120,0
450,100,46
450,200,19
450,300,10
450,347,0
451,100,42
451,176,0
452,100,17
452,145,0
453,100,31
453,200,19
453,268,0
454,100,44
454,200,26
454,300,11
454,333,0
455,100,48
455,200,21
455,300,10
455,360,0
456,100,50
456,200,0
456,200,0
457,100,14
457,130,0
458,100,38
458,200,25
458,300,17
458,400,6
458,421,0
459,100,46
459,200,23
459,300,9
459,362,0
460,100,45
460,200,1
460,209,0
461,100,40
461,200,20
461,300,2
461,324,0
462,100,52
462,200,19
462,299,0
463,100,41
463,200,3
463,210,0
464,100,42
464,200,22
464,300,8
464,331,0
465,100,31
465,200,23
465,300,8
465,347,0
466,100,44
466,200,20
466,265,0
467,100,42
467,200,21
467,300,4
467,318,0
468,100,48
468,200,14
468,231,0
469,100,53
469,200,23
469,290,0
470,100,55
470,200,10
470,270,0
471,100,35
471,183,0
472,100,39
472,200,22
472,300,6
472,325,0
473,100,59
473,200,49
473,300,18
473,358,0
474,100,26
474,200,19
474,300,12
474,400,3
474,422,0
475,100,60
475,200,25
475,295,0
476,100,50
476,200,29
476,300,2
476,306,0
477,100,61
477,200,24
477,300,11
477,348,0
478,100,33
478,200,12
478,272,0
479,100,61
479,200,26
479,300,16
479,363,0
480,100,55
480,200,10
480,225,0
481,100,42
481,200,15
481,266,0
482,100,35
482,185,0
483,100,29
483,200,18
483,293,0
484,100,18
484,174,0
485,100,47
485,200,8
485,228,0
486,100,51
486,200,25
486,300,9
486,335,0
487,100,53
487,200,24
487,300,9
487,325,0
488,100,53
488,200,1
488,205,0
489,100,45
489,200,5
489,227,0
490,100,56
490,200,19
490,291,0
491,100,46
491,200,11
491,264,0
492,100,37
492,200,9
492,225,0
493,100,39
493,185,0
494,100,38
494,200,13
494,251,0
495,100,38
495,200,16
495,283,0
496,100,30
496,167,0
497,100,65
497,200,22
497,300,2
497,305,0
498,100,49
498,200,12
498,226,0
499,100,48
499,200,19
499,300,4
499,314,0
500,100,30
500,200,14
500,300,3
500,320,0
501,100,38
501,200,11
501,274,0
502,100,26
502,182,0
503,100,50
503,200,31
503,300,6
503,373,0
504,100,53
504,200,35
504,300,12
504,356,0
505,100,41
505,200,10
505,256,0
506,100,45
506,200,3
506,217,0
507,100,29
507,200,8
507,259,0
508,100,32
508,200,5
508,211,0
509,100,60
509,200,24
509,270,0
510,100,66
510,200,34
510,300,14
510,397,0
511,100,24
511,147,0
512,100,42
512,200,15
512,281,0
513,100,57
513,200,15
513,263,0
514,100,44
514,200,12
514,262,0
515,100,55
515,200,2
515,210,0
516,100,51
516,200,18
516,259,0
517,100,42
517,200,15
517,295,0
518,100,60
518,200,23
518,290,0
519,100,42
519,179,0
520,100,61
520,200,20
520,273,0
521,100,47
521,200,17
521,264,0
522,100,51
522,200,12
522,273,0
523,100,41
523,200,7
523,243,0
524,100,28
524,200,15
524,255,0
525,100,19
525,156,0
526,100,59
526,200,23
526,300,15
526,377,0
527,100,46
527,200,9
527,261,0
528,100,46
528,200,25
528,300,22
528,400,3
528,410,0
529,100,38
529,199,0
530,100,26
530,166,0
531,100,49
531,200,11
531,219,0
532,100,55
532,200,29
532,300,8
532,332,0
533,100,45
533,200,12
533,260,0
534,100,44
534,200,12
534,228,0
535,100,69
535,200,37
535,300,19
535,400,1
535,420,0
536,100,27
536,200,9
536,279,0
537,100,13
537,138,0
538,100,35
538,185,0
539,100,30
539,200,21
539,300,3
539,308,0
540,100,56
540,200,7
540,234,0
541,100,1
541,102,0
542,100,50
542,200,31
542,300,2
542,332,0
543,100,24
543,193,0
544,100,24
544,200,5
544,224,0
545,100,46
545,200,12
545,266,0
546,100,13
546,144,0
547,100,44
547,200,17
547,278,0
548,100,43
548,200,5
548,228,0
549,100,28
549,185,0
550,100,34
550,200,21
550,290,0
551,100,46
551,200,23
551,293,0
552,100,50
552,200,25
552,292,0
553,100,25
553,200,13
553,248,0
554,100,59
554,200,27
554,296,0
555,100,39
555,200,13
555,265,0
556,100,46
556,200,3
556,205,0
557,100,66
557,200,27
557,300,17
557,398,0
558,100,40
558,200,17
558,300,14
558,400,6
558,431,0
559,100,43
559,200,0
559,200,0
560,100,40
560,174,0
561,100,51
561,200,8
561,251,0
562,100,41
562,182,0
563,100,29
563,200,13
563,238,0
564,100,44
564,200,9
564,241,0
565,100,23
565,200,1
565,202,0
566,100,57
566,200,8
566,228,0
567,100,67
567,200,29
567,300,6
567,333,0
568,100,65
568,200,18
568,252,0
569,100,41
569,200,5
569,248,0
570,100,8
570,129,0
571,100,45
571,200,22
571,300,7
571,332,0
572,100,34
572,170,0
573,100,33
573,153,0
574,100,25
574,200,15
574,247,0
575,100,42
575,176,0
576,100,37
576,200,18
576,256,0
577,100,20
577,159,0
578,100,6
578,114,0
579,100,50
579,200,26
579,277,0
580,100,29
580,196,0
581,100,25
581,168,0
582,100,51
582,200,23
582,300,19
582,400,14
582,500,3
582,531,0
583,100,57
583,200,7
583,274,0
584,100,62
584,200,28
584,300,5
584,319,0
585,100,48
585,200,14
585,240,0
586,100,22
586,140,0
587,100,43
587,200,25
587,300,6
587,331,0
588,100,48
588,196,0
589,100,35
589,200,13
589,258,0
590,100,38
590,200,20
590,300,3
590,317,0
591,100,35
591,200,16
591,291,0
592,100,58
592,200,8
592,237,0
593,100,49
593,200,16
593,251,0
594,100,47
594,200,1
594,202,0
595,100,49
595,200,17
595,255,0
596,100,50
596,197,0
597,100,60
597,200,15
597,261,0
598,100,51
598,200,23
598,300,2
598,310,0
599,100,50
599,200,35
599,300,11
599,356,0
600,100,38
600,200,21
600,300,10
600,343,0
601,100,52
601,200,19
601,267,0
602,100,34
602,175,0
603,100,32
603,145,0
604,100,64
604,200,20
604,300,7
604,320,0
605,100,33
605,174,0
606,100,41
606,200,9
606,253,0
607,100,46
607,200,33
607,300,15
607,387,0
608,100,26
608,154,0
609,100,37
609,200,6
609,233,0
610,100,70
610,200,46
610,300,22
610,400,15
610,500,0
610,500,0
611,100,38
611,200,13
611,250,0
612,100,46
612,200,25
612,300,13
612,354,0
613,100,78
613,200,29
613,300,14
613,400,4
613,414,0
614,100,15
614,132,0
615,100,64
615,200,30
615,300,19
615,347,0
616,100,63
616,200,19
616,300,7
616,328,0
617,100,36
617,200,10
617,255,0
618,100,51
618,200,5
618,215,0
619,100,56
619,200,25
619,300,10
619,336,0
620,100,51
620,200,18
620,300,3
620,319,0
621,100,40
621,200,3
621,218,0
622,100,42
622,200,12
622,242,0
623,100,28
623,200,20
623,279,0
624,100,51
624,200,15
624,293,0
625,100,33
625,200,20
625,300,4
625,338,0
626,100,46
626,200,32
626,300,11
626,365,0
627,100,52
627,200,8
627,239,0
628,100,53
628,200,25
628,300,15
628,400,3
628,416,0
629,100,25
629,200,14
629,260,0
630,100,39
630,200,4
630,229,0
631,100,28
631,200,15
631,300,1
631,303,0
632,100,54
632,200,9
632,258,0
633,100,53
633,200,8
633,233,0
634,100,54
634,200,36
634,300,21
634,400,6
634,423,0
635,100,50
635,200,29
635,300,14
635,400,5
635,410,0
636,100,56
636,200,15
636,236,0
637,100,60
637,200,36
637,300,25
637,400,2
637,410,0
638,100,17
638,175,0
639,100,52
639,200,17
639,278,0
640,100,35
640,180,0
641,100,34
641,200,12
641,230,0
642,100,46
642,200,17
642,273,0
643,100,25
643,200,14
643,265,0
644,100,25
644,200,25
644,300,7
644,330,0
645,100,13
645,133,0
646,100,25
646,200,10
646,252,0
647,100,59
647,200,21
647,300,10
647,356,0
648,100,28
648,200,14
648,247,0
649,100,44
649,200,11
649,251,0
650,100,40
650,200,10
650,241,0
651,100,35
651,200,8
651,223,0
652,100,33
652,200,4
652,209,0
653,100,56
653,200,16
653,274,0
654,100,48
654,200,15
654,296,0
655,100,35
655,200,1
655,202,0
656,100,40
656,200,5
656,228,0
657,100,54
657,200,24
657,300,20
657,400,4
657,434,0
658,100,45
658,200,4
658,219,0
659,100,55
659,200,29
659,299,0
660,100,54
660,200,5
660,218,0
661,100,41
661,200,3
661,220,0
662,100,50
662,200,29
662,300,8
662,400,2
662,417,0
663,100,50
663,200,23
663,296,0
664,100,39
664,200,8
664,237,0
665,100,46
665,200,15
665,283,0
666,100,44
666,200,18
666,300,4
666,331,0
667,100,50
667,200,27
667,300,8
667,326,0
668,100,61
668,200,22
668,270,0
669,100,52
669,200,27
669,289,0
670,100,55
670,200,11
670,300,2
670,318,0
671,100,45
671,200,10
671,247,0
672,100,38
672,200,14
672,300,1
672,309,0
673,100,66
673,200,35
673,300,6
673,331,0
674,100,47
674,200,20
674,259,0
675,100,39
675,192,0
676,100,25
676,200,3
676,213,0
677,100,60
677,200,15
677,271,0
678,100,38
678,165,0
679,100,24
679,200,2
679,202,0
680,100,17
680,184,0
681,100,46
681,200,21
681,268,0
682,100,64
682,200,30
682,300,2
682,303,0
683,100,66
683,200,29
683,300,16
683,364,0
684,100,52
684,200,17
684,290,0
685,100,51
685,200,3
685,219,0
686,100,57
686,200,25
686,300,24
686,400,3
686,416,0
687,100,37
687,200,12
687,242,0
688,100,52
688,200,13
688,235,0
689,100,48
689,200,19
689,242,0
690,100,42
690,200,4
690,258,0
691,100,33
691,182,0
692,100,47
692,200,3
692,209,0
693,100,50
693,200,33
693,300,1
693,305,0
694,100,51
694,200,12
694,247,0
695,100,29
695,195,0
696,100,34
696,200,5
696,223,0
697,100,37
697,200,12
697,280,0
698,100,53
698,200,30
698,300,20
698,400,6
698,445,0
699,100,30
699,180,0
700,100,37
700,200,15
700,278,0
701,100,31
701,200,8
701,233,0
702,100,56
702,200,10
702,231,0
703,100,59
703,200,22
703,273,0
704,100,29
704,200,14
704,238,0
705,100,48
705,200,30
705,300,7
705,362,0
706,100,57
706,200,8
706,222,0
707,100,43
707,200,1
707,201,0
708,100,62
708,200,9
708,271,0
709,100,37
709,200,17
709,260,0
710,100,44
710,200,10
710,250,0
711,100,50
711,200,24
711,288,0
712,100,33
712,200,20
712,296,0
713,100,23
713,200,2
713,215,0
714,100,25
714,200,25
714,300,11
714,339,0
715,100,33
715,170,0
716,100,45
716,200,4
716,253,0
717,100,50
717,200,32
717,300,5
717,314,0
718,100,38
718,192,0
719,100,31
719,143,0
720,100,54
720,200,31
720,300,17
720,371,0
721,100,22
721,144,0
722,100,50
722,169,0
723,100,37
723,166,0
724,100,3
724,111,0
725,100,27
725,165,0
726,100,35
726,200,11
726,300,6
726,318,0
727,100,46
727,200,25
727,300,14
727,349,0
728,100,43
728,200,23
728,300,0
728,300,0
729,100,64
729,200,25
729,300,8
729,332,0
730,100,21
730,150,0
731,100,24
731,180,0
732,100,65
732,200,34
732,300,1
732,310,0
733,100,48
733,200,24
733,300,6
733,323,0
734,100,25
734,200,4
734,243,0
735,100,17
735,132,0
736,100,25
736,200,8
736,249,0
737,100,45
737,200,2
737,217,0
738,100,47
738,200,23
738,300,1
738,301,0
739,100,48
739,200,31
739,300,18
739,386,0
740,100,47
740,200,15
740,238,0
741,100,27
741,200,23
741,300,6
741,328,0
742,100,44
742,200,25
742,300,1
742,310,0
743,100,59
743,200,31
743,300,21
743,400,6
743,440,0
744,100,44
744,198,0
745,100,66
745,200,31
745,300,22
745,400,7
745,420,0
746,100,60
746,200,27
746,282,0
747,100,53
747,200,14
747,282,0
748,100,42
748,188,0
749,100,35
749,200,5
749,213,0
750,100,62
750,200,15
750,300,2
750,314,0
751,100,35
751,200,25
751,300,9
751,324,0
752,100,24
752,188,0
753,100,50
753,200,1
753,201,0
754,100,34
754,200,11
754,249,0
755,100,53
755,200,23
755,300,3
755,307,0
756,100,44
756,200,15
756,300,3
756,343,0
757,100,41
757,200,19
757,270,0
758,100,37
758,200,16
758,264,0
759,100,64
759,200,29
759,300,13
759,347,0
760,100,45
760,200,2
760,210,0
761,100,40
761,200,16
761,284,0
762,100,38
762,199,0
763,100,25
763,200,14
763,239,0
764,100,58
764,200,29
764,300,17
764,400,6
764,427,0
765,100,45
765,200,5
765,254,0
766,100,36
766,200,1
766,203,0
767,100,42
767,200,1
767,203,0
768,100,42
768,200,23
768,300,0
768,300,0
769,100,37
769,200,1
769,201,0
770,100,42
770,172,0
771,100,41
771,200,14
771,254,0
772,100,56
772,200,20
772,300,2
772,307,0
773,100,69
773,200,34
773,300,16
773,367,0
774,100,40
774,200,22
774,300,4
774,332,0
775,100,21
775,141,0
776,100,59
776,200,41
776,300,15
776,394,0
777,100,23
777,200,8
777,243,0
778,100,30
778,181,0
779,100,56
779,200,16
779,300,4
779,317,0
780,100,47
780,200,12
780,250,0
781,100,50
781,200,17
781,288,0
782,100,21
782,164,0
783,100,17
783,137,0
784,100,41
784,200,21
784,300,5
784,330,0
785,100,51
785,200,21
785,271,0
786,100,59
786,200,13
786,233,0
787,100,50
787,200,30
787,300,10
787,355,0
788,100,13
788,110,0
789,100,50
789,200,13
789,279,0
790,100,25
790,200,17
790,272,0
791,100,37
791,200,9
791,259,0
792,100,35
792,200,8
792,267,0
793,100,46
793,200,1
793,204,0
794,100,22
794,181,0
795,100,49
795,200,5
795,216,0
796,100,34
796,200,24
796,300,16
796,383,0
797,100,51
797,200,9
797,230,0
798,100,23
798,200,12
798,265,0
799,100,19
799,119,0
800,100,37
800,200,12
800,294,0
801,100,38
801,200,3
801,204,0
802,100,27
802,200,1
802,203,0
803,100,62
803,200,41
803,300,25
803,400,9
803,427,0
804,100,31
804,200,2
804,202,0
805,100,38
805,200,7
805,225,0
806,100,34
806,200,1
806,203,0
807,100,44
807,200,19
807,300,8
807,380,0
808,100,35
808,200,22
808,300,1
808,304,0
809,100,30
809,199,0
810,100,48
810,200,20
810,300,0
810,300,0
811,100,48
811,200,28
811,284,0
812,100,36
812,198,0
813,100,55
813,200,25
813,300,17
813,400,1
813,405,0
814,100,34
814,185,0
815,100,53
815,200,37
815,300,13
815,361,0
816,100,16
816,185,0
817,100,45
817,200,17
817,288,0
818,100,78
818,200,30
818,300,10
818,398,0
819,100,49
819,200,10
819,223,0
820,100,62
820,200,12
820,298,0
821,100,53
821,200,10
821,265,0
822,100,65
822,200,22
822,272,0
823,100,42
823,187,0
824,100,47
824,200,22
824,300,7
824,326,0
825,100,49
825,200,24
825,300,16
825,385,0
826,100,48
826,200,17
826,297,0
827,100,46
827,200,3
827,209,0
828,100,22
828,174,0
829,100,12
829,122,0
830,100,31
830,200,6
830,222,0
831,100,24
831,200,22
831,300,6
831,331,0
832,100,47
832,200,28
832,300,11
832,393,0
833,100,47
833,200,18
833,284,0
834,100,62
834,200,36
834,300,12
834,400,3
834,424,0
835,100,57
835,200,40
835,300,21
835,387,0
836,100,52
836,200,23
836,288,0
837,100,38
837,200,17
837,300,3
837,316,0
838,100,36
838,200,3
838,203,0
839,100,66
839,200,26
839,300,4
839,315,0
840,100,55
840,200,21
840,300,1
840,301,0
841,100,39
841,200,2
841,220,0
842,100,37
842,200,13
842,260,0
843,100,34
843,200,16
843,246,0
844,100,19
844,184,0
845,100,50
845,200,22
845,300,1
845,304,0
846,100,53
846,200,11
846,249,0
847,100,45
847,200,3
847,211,0
848,100,55
848,200,27
848,300,3
848,313,0
849,100,31
849,169,0
850,100,25
850,200,12
850,258,0
851,100,9
851,123,0
852,100,54
852,200,29
852,300,2
852,311,0
853,100,36
853,188,0
854,100,24
854,137,0
855,100,32
855,189,0
856,100,55
856,200,35
856,300,25
856,400,11
856,473,0
857,100,45
857,200,29
857,300,12
857,378,0
858,100,62
858,200,29
858,300,11
858,400,5
858,422,0
859,100,25
859,200,10
859,248,0
860,100,25
860,200,16
860,269,0
861,100,45
861,200,8
861,249,0
862,100,60
862,200,43
862,300,26
862,400,5
862,424,0
863,100,49
863,200,20
863,271,0
864,100,57
864,200,18
864,290,0
865,100,86
865,200,60
865,300,45
865,400,21
865,489,0
866,100,46
866,200,17
866,300,4
866,312,0
867,100,51
867,200,15
867,247,0
868,100,55
868,200,30
868,300,2
868,309,0
869,100,62
869,200,20
869,300,4
869,324,0
870,100,28
870,200,6
870,255,0
871,100,61
871,200,25
871,300,4
871,307,0
872,100,37
872,188,0
873,100,43
873,200,14
873,261,0
874,100,49
874,200,22
874,300,0
874,300,0
875,100,46
875,200,20
875,300,3
875,309,0
876,100,46
876,200,30
876,300,7
876,389,0
877,100,56
877,200,11
877,254,0
878,100,4
878,118,0
879,100,63
879,200,29
879,300,10
879,343,0
880,100,59
880,200,18
880,300,3
880,308,0
881,100,13
881,138,0
882,100,61
882,200,20
882,300,11
882,345,0
883,100,37
883,200,3
883,223,0
884,100,19
884,152,0
885,100,30
885,193,0
886,100,31
886,200,23
886,300,9
886,351,0
887,100,48
887,200,4
887,229,0
888,100,36
888,200,20
888,300,4
888,318,0
889,100,42
889,200,0
889,200,0
890,100,14
890,176,0
891,100,44
891,200,16
891,271,0
892,100,42
892,200,5
892,234,0
893,100,33
893,200,24
893,300,7
893,321,0
894,100,60
894,200,40
894,300,28
894,400,9
894,431,0
895,100,28
895,200,17
895,258,0
896,100,24
896,200,6
896,229,0
897,100,46
897,200,17
897,300,2
897,312,0
898,100,25
898,200,13
898,270,0
899,100,36
899,183,0
900,100,35
900,200,2
900,214,0
901,100,45
901,174,0
902,100,22
902,138,0
903,100,55
903,200,35
903,300,13
903,365,0
904,100,36
904,200,14
904,299,0
905,100,50
905,200,11
905,261,0
906,100,29
906,184,0
907,100,33
907,187,0
908,100,32
908,200,23
908,300,2
908,316,0
909,100,36
909,195,0
910,100,22
910,150,0
911,100,42
911,200,10
911,267,0
912,100,27
912,200,7
912,219,0
913,100,34
913,190,0
914,100,37
914,200,21
914,263,0
915,100,64
915,200,29
915,300,3
915,311,0
916,100,65
916,200,27
916,296,0
917,100,66
917,200,47
917,300,26
917,367,0
918,100,51
918,200,17
918,271,0
919,100,24
919,143,0
920,100,13
920,147,0
921,100,42
921,200,9
921,254,0
922,100,60
922,200,30
922,300,20
922,392,0
923,100,25
923,196,0
924,100,52
924,200,26
924,293,0
925,100,17
925,161,0
926,100,74
926,200,26
926,283,0
927,100,29
927,200,5
927,219,0
928,100,56
928,200,7
928,234,0
929,100,29
929,200,9
929,273,0
930,100,38
930,200,1
930,202,0
931,100,27
931,189,0
932,100,67
932,200,33
932,300,9
932,355,0
933,100,43
933,200,10
933,243,0
934,100,58
934,200,10
934,228,0
935,100,22
935,186,0
936,100,58
936,200,23
936,257,0
937,100,20
937,140,0
938,100,23
938,200,7
938,245,0
939,100,62
939,200,13
939,275,0
940,100,67
940,200,36
940,300,1
940,313,0
941,100,63
941,200,22
941,296,0
942,100,36
942,200,25
942,282,0
943,100,50
943,200,18
943,278,0
944,100,35
944,200,14
944,286,0
945,100,45
945,196,0
946,100,40
946,197,0
947,100,65
947,200,32
947,300,3
947,330,0
948,100,42
948,200,4
948,221,0
949,100,75
949,200,41
949,300,21
949,400,3
949,408,0
950,100,39
950,200,3
950,208,0
951,100,47
951,200,23
951,300,8
951,338,0
952,100,43
952,187,0
953,100,16
953,122,0
954,100,21
954,193,0
955,100,65
955,200,26
955,300,5
955,326,0
956,100,47
956,200,2
956,219,0
957,100,48
957,200,31
957,300,4
957,319,0
958,100,51
958,200,18
958,288,0
959,100,34
959,179,0
960,100,59
960,200,22
960,300,5
960,315,0
961,100,45
961,187,0
962,100,51
962,200,25
962,300,7
962,324,0
963,100,20
963,148,0
964,100,38
964,200,6
964,215,0
965,100,45
965,200,18
965,300,2
965,311,0
966,100,23
966,200,6
966,225,0
967,100,25
967,200,4
967,228,0
968,100,35
968,187,0
969,100,63
969,200,15
969,264,0
970,100,36
970,200,16
970,273,0
971,100,21
971,162,0
972,100,44
972,200,10
972,236,0
973,100,46
973,200,10
973,229,0
974,100,53
974,200,9
974,220,0
975,100,35
975,200,3
975,224,0
976,100,44
976,200,22
976,273,0
977,100,51
977,200,27
977,300,6
977,320,0
978,100,17
978,183,0
979,100,46
979,200,11
979,242,0
980,100,24
980,200,17
980,300,4
980,314,0
981,100,36
981,200,18
981,262,0
982,100,54
982,200,21
982,261,0
983,100,14
983,156,0
984,100,18
984,144,0
985,100,70
985,200,17
985,300,6
985,319,0
986,100,36
986,200,5
986,219,0
987,100,44
987,200,16
987,273,0
988,100,35
988,200,22
988,281,0
989,100,49
989,192,0
990,100,33
990,200,0
990,200,0
991,100,33
991,200,21
991,300,1
991,311,0
992,100,72
992,200,43
992,300,23
992,400,10
992,476,0
993,100,54
993,200,16
993,300,4
993,352,0
994,100,58
994,200,28
994,300,14
994,397,0
995,100,50
995,200,23
995,300,3
995,329,0
996,100,33
996,157,0
997,100,44
997,200,14
997,284,0
998,100,33
998,200,10
998,222,0
999,100,56
999,200,21
999,294,0
1000,100,25
1000,200,12
1000,232,0
